{
  "name": "agileCarousel",
  "title": "Agile Carousel",
  "description": "Creates a carousel or slideshow from a JSON data source. Highly configurable UI. Custimize the look with plugin settings and your own CSS.",
  "keywords": [
    "slideshow",
    "slide",
	"carousel",
	"json",
	"slider",
	"ui"
  ],
  "version": "0.1.6",
  "author": {
    "name": "Ed Talmadge"
  },
  "licenses": [
    {
      "type": "MIT",
      "url": "http://opensource.org/licenses/MIT"
    },
	{
      "type": "GPLv2",
      "url": "http://www.gnu.org/licenses/gpl-2.0.html"
    }
  ],
  "bugs": "https://github.com/edtalmadge/Agile-Carousel/issues",
  "homepage": "http://www.agilecarousel.com",
  "docs": "http://www.agilecarousel.com",
  "download": "https://github.com/edtalmadge/Agile-Carousel",
  "dependencies": {
    "jquery": ">=1.6"
  }
}